Expected Results: ['Asistent medical de laborator', 'Asistent medical de laborator', 'Asistent medical de laborator/Tehnician de laborator clinic', 'Asistent medical generalist', 'Asistent medical generalist', 'Asistent medical generalist', 'Asistent medical generalist', 'Asistent medical generalist', 'Asistent medical generalist', 'Asistent medical generalist', 'Asistent medical generalist', 'Asistent medical generalist', 'Biolog', 'Biolog/Chimist/Biochimist', 'Biolog/Chimist/Biochimist', 'Biolog/Chimist/Biochimist', 'Biolog/Chimist/Biochimist', 'Coleg departament IT', 'Manager zonal', 'Medic medicină de laborator', 'Medic medicină de laborator', 'Medic medicină de laborator', 'Medic medicină de laborator', 'Medic medicină de laborator', 'Medic medicină de laborator', 'Medic specialist/primar anatomie patologică', 'Medic specialist/primar medicină de laborator - Hematologie', 'Medic specialist/primar medicină de laborator - Microbiologie', 'Registrator medical', 'Registrator medical', 'Reprezentant medical', 'Reprezentant medical', 'Reprezentant medical']

Actual Results: ['Asistent medical de laborator', 'Asistent medical de laborator', 'Asistent medical de laborator/Tehnician de laborator clinic', 'Asistent medical generalist', 'Asistent medical generalist', 'Asistent medical generalist', 'Asistent medical generalist', 'Asistent medical generalist', 'Asistent medical generalist', 'Asistent medical generalist', 'Asistent medical generalist', 'Asistent medical generalist', 'Biolog', 'Biolog/Chimist/Biochimist', 'Biolog/Chimist/Biochimist', 'Biolog/Chimist/Biochimist', 'Biolog/Chimist/Biochimist', 'Coleg departament IT', 'Manager zonal', 'Medic medicină de laborator', 'Medic medicină de laborator', 'Medic medicină de laborator', 'Medic medicină de laborator', 'Medic medicină de laborator', 'Medic medicină de laborator', 'Medic specialist/primar anatomie patologică', 'Medic specialist/primar medicină de laborator - Hematologie', 'Medic specialist/primar medicină de laborator - Microbiologie', 'Registrator medical', 'Registrator medical', 'Reprezentant medical', 'Reprezentant medical', 'Reprezentant medical']
